               epoch,      train/box_loss,      train/obj_loss,      train/cls_loss,   metrics/precision,      metrics/recall,     metrics/mAP_0.5,metrics/mAP_0.5:0.95,        val/box_loss,        val/obj_loss,        val/cls_loss,               x/lr0,               x/lr1,               x/lr2
                   0,             0.11713,           0.0033462,            0.032055,           0.0015197,             0.66667,           0.0019854,          0.00031768,             0.16755,           0.0042416,            0.044128,            0.083654,          0.00024892,          0.00024892
                   1,            0.084958,           0.0030029,            0.024929,             0.67403,             0.33333,            0.010174,           0.0024625,             0.19864,           0.0059673,            0.033783,            0.067233,          0.00049418,          0.00049418
                   2,            0.080458,           0.0028012,            0.012091,              0.6877,             0.33333,            0.027544,           0.0047203,             0.18166,           0.0064401,            0.055078,            0.050807,          0.00073469,          0.00073469
                   3,            0.079162,           0.0023792,           0.0073615,          0.00027964,             0.13333,          0.00042907,          4.2907e-05,             0.20919,           0.0036967,            0.030551,            0.034376,          0.00097045,          0.00097045
                   4,            0.079689,           0.0019895,           0.0064651,                   0,                   0,                   0,                   0,             0.20761,           0.0052889,            0.023254,             0.01794,           0.0012015,           0.0012015
                   5,            0.076338,           0.0018365,           0.0062517,                   0,                   0,                   0,                   0,              0.2461,           0.0011248,            0.092725,           0.0014999,           0.0014277,           0.0014277
                   6,            0.074935,           0.0017509,            0.006035,                   0,                   0,                   0,                   0,             0.20788,           0.0039641,            0.078918,           0.0014145,           0.0014145,           0.0014145
                   7,            0.071043,           0.0016668,           0.0051028,                   0,                   0,                   0,                   0,             0.23009,           0.0024075,            0.069067,           0.0014145,           0.0014145,           0.0014145
                   8,            0.069788,           0.0015942,           0.0046758,             0.10747,             0.33333,             0.16675,            0.016675,             0.20317,           0.0060284,           0.0065947,           0.0014003,           0.0014003,           0.0014003
                   9,            0.069756,           0.0015891,           0.0054543,           0.0034446,             0.66667,            0.019411,           0.0038479,             0.19214,           0.0055579,            0.050629,            0.001386,            0.001386,            0.001386
                  10,              0.0683,           0.0015015,           0.0048625,                   0,                   0,                   0,                   0,             0.21069,           0.0071077,            0.063611,           0.0013717,           0.0013717,           0.0013717
                  11,            0.066223,           0.0014921,           0.0045379,          0.00056164,             0.13333,          0.00055294,          5.5294e-05,             0.20761,           0.0053516,            0.049924,           0.0013575,           0.0013575,           0.0013575
                  12,            0.065095,           0.0014384,           0.0043352,           0.0039009,             0.46667,           0.0095535,           0.0014059,              0.2019,           0.0036046,            0.019588,           0.0013433,           0.0013433,           0.0013433
                  13,            0.064392,           0.0014594,           0.0036726,           0.0038385,             0.53333,            0.018406,           0.0051162,              0.1949,           0.0050775,            0.047443,            0.001329,            0.001329,            0.001329
                  14,            0.062889,           0.0014366,           0.0038339,                   0,                   0,                   0,                   0,             0.20944,            0.006865,             0.10682,           0.0013148,           0.0013148,           0.0013148
                  15,            0.063021,             0.00143,           0.0040356,                   0,                   0,                   0,                   0,              0.2227,           0.0087366,             0.12689,           0.0013005,           0.0013005,           0.0013005
                  16,            0.061014,           0.0013766,           0.0038124,          0.00064226,            0.066667,          0.00059006,          5.9006e-05,             0.20601,           0.0067131,           0.0090466,           0.0012863,           0.0012863,           0.0012863
                  17,             0.06106,           0.0013726,           0.0033914,           0.0033475,             0.53333,            0.018036,           0.0047003,             0.20474,           0.0036274,            0.054309,            0.001272,            0.001272,            0.001272
                  18,            0.060992,           0.0013981,           0.0032763,           0.0049976,                 0.6,           0.0092794,           0.0018822,             0.20368,           0.0033026,            0.042224,           0.0012577,           0.0012577,           0.0012577
                  19,            0.059648,           0.0013922,           0.0036886,           0.0033484,             0.66667,            0.014211,            0.002868,             0.19098,           0.0038571,            0.029453,           0.0012435,           0.0012435,           0.0012435
                  20,            0.061286,           0.0013915,           0.0034841,           0.0050686,             0.66667,           0.0094472,           0.0013991,             0.20208,           0.0039287,            0.012535,           0.0012293,           0.0012293,           0.0012293
                  21,            0.058613,           0.0013576,           0.0034234,                   0,                   0,                   0,                   0,             0.21536,           0.0058412,           0.0065174,            0.001215,            0.001215,            0.001215
                  22,            0.060079,           0.0013709,           0.0035792,             0.10744,             0.13333,            0.092855,              0.0175,             0.19353,           0.0063696,           0.0078209,           0.0012007,           0.0012007,           0.0012007
                  23,            0.060135,           0.0013396,           0.0038306,           0.0036277,             0.53333,           0.0038086,          0.00070941,             0.20767,           0.0038293,            0.041547,           0.0011865,           0.0011865,           0.0011865
                  24,            0.056746,           0.0013091,           0.0027824,           0.0049456,             0.33333,            0.010042,           0.0012461,             0.19905,           0.0035499,            0.010446,           0.0011722,           0.0011722,           0.0011722
                  25,            0.056877,           0.0013358,           0.0027662,           0.0026144,             0.13333,           0.0023039,          0.00023039,             0.20691,            0.003537,           0.0034515,            0.001158,            0.001158,            0.001158
                  26,            0.057028,            0.001369,           0.0031735,             0.15365,             0.11771,            0.096786,            0.014901,             0.20408,           0.0038695,           0.0037937,           0.0011438,           0.0011438,           0.0011438
                  27,            0.056364,           0.0013188,           0.0030596,           0.0049542,             0.53333,           0.0065167,           0.0010844,             0.20309,           0.0050445,           0.0054537,           0.0011295,           0.0011295,           0.0011295
                  28,            0.056779,           0.0012866,           0.0033007,           0.0089869,                 0.6,            0.019349,           0.0067945,             0.19268,             0.00375,           0.0051086,           0.0011153,           0.0011153,           0.0011153
                  29,            0.057114,           0.0013025,           0.0033811,            0.058171,             0.13333,             0.10591,            0.014188,             0.19839,           0.0039999,           0.0041831,            0.001101,            0.001101,            0.001101
                  30,            0.057521,           0.0012741,           0.0030587,             0.55334,            0.066667,             0.12856,             0.03662,             0.19542,           0.0035969,           0.0080761,           0.0010868,           0.0010868,           0.0010868
                  31,            0.055998,           0.0012777,           0.0030722,           0.0047005,             0.66667,               0.018,           0.0042473,             0.19372,           0.0054207,            0.006189,           0.0010725,           0.0010725,           0.0010725
                  32,            0.054884,           0.0012522,           0.0029355,            0.095248,                 0.2,             0.16493,            0.022579,             0.19535,           0.0049263,           0.0047553,           0.0010582,           0.0010582,           0.0010582
                  33,            0.054774,           0.0012791,           0.0026937,           0.0073957,             0.66667,            0.054705,           0.0065929,              0.2034,           0.0042396,           0.0032893,            0.001044,            0.001044,            0.001044
                  34,            0.053976,            0.001226,           0.0025211,           0.0057911,             0.66667,            0.035463,           0.0058234,             0.19555,           0.0047963,           0.0054239,           0.0010298,           0.0010298,           0.0010298
                  35,            0.053633,           0.0012935,           0.0028721,             0.10001,             0.13333,             0.13361,            0.030502,              0.1999,           0.0037204,           0.0041943,           0.0010155,           0.0010155,           0.0010155
                  36,            0.055161,           0.0012849,           0.0029032,             0.48824,            0.061962,            0.086157,            0.021262,             0.19842,           0.0039362,           0.0026851,           0.0010012,           0.0010012,           0.0010012
                  37,            0.054584,           0.0012667,           0.0032619,             0.48654,             0.26667,             0.48798,            0.073694,             0.18999,           0.0039214,            0.003247,            0.000987,            0.000987,            0.000987
                  38,            0.052714,           0.0012431,           0.0026015,             0.51063,             0.30493,             0.33323,             0.12355,             0.18425,           0.0042644,           0.0034573,          0.00097275,          0.00097275,          0.00097275
                  39,            0.052262,            0.001214,           0.0029098,             0.57568,             0.13333,             0.28692,            0.074206,             0.19217,           0.0042467,           0.0056906,           0.0009585,           0.0009585,           0.0009585
                  40,            0.051677,           0.0011939,           0.0026811,              0.3639,            0.066667,             0.14671,            0.037032,             0.18825,            0.004085,           0.0064344,          0.00094425,          0.00094425,          0.00094425
                  41,            0.052173,           0.0012106,           0.0027032,              0.4728,             0.14561,             0.34833,              0.1067,             0.18399,           0.0046236,           0.0052677,             0.00093,             0.00093,             0.00093
                  42,             0.05193,           0.0012086,           0.0028189,             0.47649,                 0.2,             0.17808,            0.043484,             0.18501,            0.004006,           0.0047447,          0.00091575,          0.00091575,          0.00091575
                  43,            0.050209,           0.0011901,            0.002109,             0.25608,             0.13333,             0.20833,            0.032168,             0.19362,           0.0036131,           0.0072887,           0.0009015,           0.0009015,           0.0009015
                  44,             0.05087,           0.0011808,           0.0027499,             0.59399,            0.066667,             0.15042,            0.036151,             0.19197,           0.0037832,           0.0068275,          0.00088725,          0.00088725,          0.00088725
                  45,            0.051251,           0.0011717,           0.0025731,             0.58083,            0.066667,             0.14549,            0.033941,             0.20003,            0.003798,           0.0047344,            0.000873,            0.000873,            0.000873
                  46,            0.051469,           0.0011929,           0.0027565,           0.0086848,             0.66667,             0.13934,            0.025032,              0.2039,            0.003456,           0.0052048,          0.00085875,          0.00085875,          0.00085875
                  47,            0.052786,           0.0011801,           0.0025902,           0.0087798,             0.66667,            0.055918,            0.014781,             0.20565,           0.0033377,           0.0046715,           0.0008445,           0.0008445,           0.0008445
                  48,            0.050887,           0.0011787,           0.0025163,             0.48806,             0.26667,             0.20508,            0.026485,             0.20621,           0.0032357,           0.0042194,          0.00083025,          0.00083025,          0.00083025
                  49,            0.048284,           0.0011621,           0.0022914,           0.0088935,             0.66667,             0.18171,            0.032021,             0.19784,            0.003656,           0.0038612,            0.000816,            0.000816,            0.000816
                  50,            0.049893,            0.001195,           0.0024195,           0.0090679,             0.66667,            0.045015,            0.010748,             0.19827,           0.0035746,           0.0042212,          0.00080175,          0.00080175,          0.00080175
                  51,             0.04923,           0.0011708,           0.0021431,           0.0084522,             0.66667,            0.029712,           0.0096868,             0.19336,           0.0045821,           0.0041245,           0.0007875,           0.0007875,           0.0007875
                  52,            0.050448,           0.0011883,            0.002039,           0.0087505,             0.66667,            0.080562,            0.022112,             0.18859,           0.0044704,           0.0043058,          0.00077325,          0.00077325,          0.00077325
                  53,            0.049034,           0.0011803,           0.0023927,             0.02698,             0.33333,             0.08496,            0.028514,             0.18792,           0.0046989,           0.0043353,            0.000759,            0.000759,            0.000759
                  54,            0.048853,           0.0011776,           0.0024002,             0.17241,             0.46667,             0.40543,            0.082953,             0.18477,           0.0046182,           0.0047853,          0.00074475,          0.00074475,          0.00074475
                  55,            0.048216,           0.0011603,           0.0025345,             0.37609,            0.066667,             0.20646,            0.043251,             0.18279,            0.004625,           0.0040432,           0.0007305,           0.0007305,           0.0007305
                  56,            0.049016,           0.0011564,           0.0023662,            0.046099,             0.13333,             0.13485,            0.035477,             0.18545,           0.0037806,            0.005294,          0.00071625,          0.00071625,          0.00071625
                  57,            0.047915,           0.0011119,            0.002633,            0.024725,             0.33333,              0.0766,            0.028046,             0.18616,           0.0036482,           0.0060619,            0.000702,            0.000702,            0.000702
                  58,             0.04788,           0.0011316,           0.0021896,            0.011154,             0.66667,            0.089832,            0.030413,             0.18741,           0.0037234,           0.0045084,          0.00068775,          0.00068775,          0.00068775
                  59,             0.04723,           0.0011285,           0.0020023,             0.50941,                 0.2,             0.54515,             0.08308,             0.18628,           0.0039437,           0.0039282,           0.0006735,           0.0006735,           0.0006735
                  60,            0.048066,           0.0011176,           0.0020694,              0.4358,             0.66667,             0.60429,            0.090295,             0.18553,           0.0043339,           0.0033254,          0.00065925,          0.00065925,          0.00065925
                  61,            0.047739,           0.0011013,           0.0020007,             0.19565,             0.66667,             0.65222,            0.092298,             0.18535,           0.0044847,           0.0030467,            0.000645,            0.000645,            0.000645
                  62,            0.047519,           0.0011072,           0.0019106,             0.16103,             0.66667,             0.56072,            0.084863,              0.1853,           0.0046985,           0.0030524,          0.00063075,          0.00063075,          0.00063075
                  63,            0.046991,           0.0010796,            0.001832,           0.0093336,             0.66667,             0.18792,            0.051244,             0.18494,            0.004896,           0.0031883,           0.0006165,           0.0006165,           0.0006165
                  64,            0.047942,           0.0011262,           0.0021661,             0.00985,             0.66667,             0.14171,            0.032571,              0.1852,            0.004849,           0.0033199,          0.00060225,          0.00060225,          0.00060225
                  65,            0.046391,            0.001107,           0.0019179,             0.01041,             0.66667,             0.14241,            0.037156,             0.18463,           0.0047969,           0.0033205,            0.000588,            0.000588,            0.000588
                  66,            0.045833,           0.0010876,           0.0017693,            0.010181,             0.66667,             0.11948,            0.039803,             0.18453,            0.004752,           0.0033314,          0.00057375,          0.00057375,          0.00057375
                  67,            0.046704,           0.0010988,           0.0021588,            0.010011,             0.66667,             0.20841,            0.061682,             0.18433,           0.0047649,           0.0032744,           0.0005595,           0.0005595,           0.0005595
                  68,             0.04542,           0.0010843,           0.0023336,           0.0099884,             0.66667,              0.2875,            0.091667,             0.18374,           0.0048238,           0.0033826,          0.00054525,          0.00054525,          0.00054525
                  69,             0.04547,           0.0010682,           0.0021249,           0.0099081,             0.66667,             0.32722,             0.11337,             0.18284,            0.004785,           0.0036009,            0.000531,            0.000531,            0.000531
                  70,            0.044829,            0.001081,           0.0014169,           0.0099734,             0.66667,             0.36429,             0.12703,             0.18301,           0.0047523,           0.0037153,          0.00051675,          0.00051675,          0.00051675
                  71,            0.045467,           0.0010902,           0.0020051,            0.010041,             0.66667,             0.39798,             0.12638,             0.18256,           0.0047428,           0.0037251,           0.0005025,           0.0005025,           0.0005025
                  72,            0.044399,           0.0010835,           0.0018027,            0.010027,             0.66667,              0.4279,             0.15727,              0.1825,           0.0046795,           0.0038429,          0.00048825,          0.00048825,          0.00048825
                  73,            0.044467,           0.0010588,           0.0018143,           0.0099404,             0.66667,             0.36921,             0.13975,             0.18242,           0.0047122,           0.0039597,            0.000474,            0.000474,            0.000474
                  74,            0.045508,            0.001078,           0.0017995,           0.0097213,             0.66667,             0.33681,             0.12678,              0.1824,           0.0046774,           0.0039162,          0.00045975,          0.00045975,          0.00045975
                  75,            0.043647,           0.0010359,            0.001638,            0.010157,             0.66667,             0.31875,             0.11352,              0.1825,           0.0046287,           0.0039047,           0.0004455,           0.0004455,           0.0004455
                  76,            0.043913,           0.0010612,           0.0016146,            0.010068,             0.66667,             0.33681,             0.12618,              0.1822,           0.0045773,           0.0038939,          0.00043125,          0.00043125,          0.00043125
                  77,            0.043844,            0.001027,           0.0015157,            0.031837,             0.66667,             0.33839,             0.12518,             0.18192,           0.0045572,           0.0038727,            0.000417,            0.000417,            0.000417
                  78,            0.044167,           0.0010365,           0.0017755,            0.019523,             0.66667,             0.33689,             0.13025,             0.18178,           0.0045429,           0.0038681,          0.00040275,          0.00040275,          0.00040275
                  79,            0.043092,           0.0010136,           0.0014588,             0.01936,             0.66667,             0.33689,             0.13058,              0.1816,           0.0045086,            0.003891,           0.0003885,           0.0003885,           0.0003885
                  80,            0.042495,           0.0010321,           0.0014935,            0.019246,             0.66667,              0.3361,             0.13511,             0.18157,           0.0044803,           0.0039574,          0.00037425,          0.00037425,          0.00037425
                  81,            0.042099,           0.0010085,           0.0015056,            0.019429,             0.66667,              0.3361,             0.13527,             0.18171,           0.0044721,            0.004022,             0.00036,             0.00036,             0.00036
                  82,            0.042487,           0.0010262,           0.0015233,            0.010539,             0.66667,              0.3361,             0.12812,             0.18171,           0.0044704,           0.0040792,          0.00034575,          0.00034575,          0.00034575
                  83,             0.04247,            0.001012,           0.0016106,             0.01069,             0.66667,              0.3361,             0.12812,             0.18179,           0.0044854,           0.0041468,           0.0003315,           0.0003315,           0.0003315
                  84,            0.042138,          0.00097515,           0.0015469,            0.010579,             0.66667,             0.33306,             0.13832,             0.18163,           0.0044932,           0.0041977,          0.00031725,          0.00031725,          0.00031725
                  85,            0.041435,          0.00096647,           0.0014237,            0.010666,             0.66667,             0.34965,             0.14482,             0.18156,           0.0044973,            0.004212,            0.000303,            0.000303,            0.000303
                  86,            0.042307,           0.0010066,           0.0019394,            0.010898,             0.66667,             0.37476,             0.15839,             0.18139,           0.0045014,           0.0042057,          0.00028875,          0.00028875,          0.00028875
                  87,            0.041564,           0.0010211,           0.0018129,            0.010984,             0.66667,             0.43004,             0.18873,             0.18136,           0.0045103,            0.004228,           0.0002745,           0.0002745,           0.0002745
                  88,            0.040712,          0.00099374,           0.0014205,            0.011029,             0.66667,             0.37476,             0.16062,             0.18126,           0.0045004,           0.0042749,          0.00026025,          0.00026025,          0.00026025
                  89,              0.0405,          0.00095057,            0.001367,            0.010998,             0.66667,             0.43004,             0.18733,              0.1812,           0.0045068,           0.0042915,            0.000246,            0.000246,            0.000246
                  90,            0.041553,          0.00099839,            0.001616,            0.010908,             0.66667,             0.43004,             0.18733,             0.18114,           0.0045116,            0.004303,          0.00023175,          0.00023175,          0.00023175
                  91,            0.040276,          0.00097328,           0.0015997,            0.011137,             0.66667,             0.43004,             0.19226,             0.18105,           0.0045133,           0.0043018,           0.0002175,           0.0002175,           0.0002175
                  92,            0.039771,          0.00096567,           0.0013433,            0.011246,             0.66667,             0.43004,             0.19427,             0.18103,           0.0045116,           0.0043167,          0.00020325,          0.00020325,          0.00020325
                  93,            0.040399,          0.00096191,           0.0014046,            0.011627,             0.66667,             0.43004,             0.19428,             0.18098,           0.0045126,           0.0043282,            0.000189,            0.000189,            0.000189
                  94,            0.040356,          0.00095277,           0.0013377,            0.011769,             0.66667,             0.43004,             0.19428,             0.18086,           0.0045174,           0.0043516,          0.00017475,          0.00017475,          0.00017475
                  95,            0.038821,          0.00094876,           0.0012391,             0.01202,             0.66667,             0.43004,             0.20088,             0.18071,            0.004514,           0.0043882,           0.0001605,           0.0001605,           0.0001605
                  96,            0.039047,          0.00097367,           0.0013902,            0.012205,             0.66667,             0.43004,             0.20125,             0.18057,           0.0045147,           0.0043922,          0.00014625,          0.00014625,          0.00014625
                  97,            0.039108,          0.00092609,           0.0013807,             0.01224,             0.66667,             0.59587,             0.28261,             0.18048,           0.0045211,           0.0044065,            0.000132,            0.000132,            0.000132
                  98,            0.038588,          0.00090613,            0.001245,            0.012382,             0.66667,             0.59587,             0.28417,             0.18034,            0.004529,           0.0044146,          0.00011775,          0.00011775,          0.00011775
                  99,            0.037632,          0.00092286,           0.0010983,            0.012619,             0.66667,             0.59374,             0.28092,             0.18025,           0.0045208,           0.0044197,           0.0001035,           0.0001035,           0.0001035
