   metrics/precision,      metrics/recall,     metrics/mAP_0.5,metrics/mAP_0.5:0.95,        val/box_loss,        val/obj_loss,        val/cls_loss,                 lr0,                 lrf,            momentum,        weight_decay,       warmup_epochs,     warmup_momentum,      warmup_bias_lr,                 box,                 cls,              cls_pw,                 obj,              obj_pw,               iou_t,            anchor_t,            fl_gamma,               hsv_h,               hsv_s,               hsv_v,             degrees,           translate,               scale,               shear,         perspective,              flipud,              fliplr,              mosaic,               mixup,          copy_paste,             anchors
                   0,                   0,                   0,                   0,             0.22856,           0.0050056,            0.016525,              0.0015,                0.05,               0.937,              0.0005,                   6,                 0.8,                 0.1,               0.125,                 0.5,                   1,                   1,                   1,                 0.3,                   4,                   0,                   0,                   0,                   0,                   0,                   0,                   0,                   0,                   0,                   0,                   0,                   0,                   0,                   0,                   3
             0.55916,                 0.4,             0.39931,            0.039931,             0.22835,            0.008887,           0.0079948,              0.0015,                0.05,               0.937,              0.0005,                   6,                 0.8,                 0.1,               0.125,                 0.5,                   1,                   1,                   1,                 0.3,                   4,                   0,               0.015,                 0.7,                 0.4,                   0,                 0.1,                 0.5,                   0,                   0,                   0,                 0.5,                   1,                   0,                   0,                   3
                   0,                   0,                   0,                   0,             0.22989,           0.0039912,             0.01054,              0.0015,                0.05,               0.937,              0.0005,                   6,                 0.8,                 0.1,               0.125,                 0.5,                   1,                   1,                   1,                 0.3,                   4,                   0,                   0,                   0,                   0,                   0,                   0,                   0,                   0,                   0,                   0,                   0,                   0,                   0,                   0,                   3
            0.042495,                 0.6,             0.21957,            0.083068,             0.18671,            0.010566,           0.0084629,              0.0015,                0.05,               0.937,              0.0005,                   6,                 0.8,                 0.1,               0.125,                 0.5,                   1,                   1,                   1,                 0.3,                   4,                   0,               0.015,                 0.7,                 0.4,                   0,                 0.1,                 0.9,                   0,                   0,                   0,                 0.5,                   1,                 0.1,                 0.1,                   3
            0.033361,             0.53333,             0.13394,            0.084764,             0.19093,           0.0083704,           0.0057724,              0.0015,                0.05,               0.937,              0.0005,                   6,                 0.8,                 0.1,               0.125,                 0.5,                   1,                   1,                   1,                 0.3,                   4,                   0,               0.015,                 0.7,                 0.4,                  30,                 0.1,                 0.9,                 0.4,              0.0005,                0.25,                0.25,                   1,                 0.1,                   0,                   3
            0.049956,             0.53333,               0.182,            0.056981,             0.19488,            0.009004,            0.014902,              0.0015,                0.05,               0.937,              0.0005,                   6,                 0.8,                 0.1,               0.125,                 0.5,                   1,                   1,                   1,                 0.3,                   4,                   0,             0.01041,             0.54703,             0.27739,                   0,             0.04591,             0.75544,                   0,                   0,                   0,                 0.5,             0.85834,             0.04266,                   0,                   3
           0.0055556,            0.066667,           0.0063125,          0.00063125,             0.21956,           0.0059823,            0.010904,              0.0015,                0.05,               0.937,              0.0005,                   6,                 0.8,                 0.1,               0.125,                 0.5,                   1,                   1,                   1,                 0.3,                   4,                   0,              0.0188,               0.704,                0.36,                   0,              0.0902,               0.491,                   0,                   0,                   0,                 0.5,                   1,                   0,                   0,                   3
                   0,                   0,                   0,                   0,             0.21645,           0.0072515,           0.0064013,              0.0015,                0.05,               0.937,              0.0005,                   6,                 0.8,                 0.1,               0.125,                 0.5,                   1,                   1,                   1,                 0.3,                   4,                   0,            0.063658,             0.80039,             0.20834,              28.949,             0.24096,              0.1178,              6.1113,          0.00021145,             0.57592,             0.74199,             0.45974,             0.70256,             0.22224,                   3
           0.0055556,            0.066667,           0.0040068,            0.001202,             0.20061,            0.010246,           0.0069443,              0.0015,                0.05,               0.937,              0.0005,                   6,                 0.8,                 0.1,               0.125,                 0.5,                   1,                   1,                   1,                 0.3,                   4,                   0,            0.035085,            0.047927,            0.058481,              1.6383,             0.12861,             0.65431,              3.6404,          0.00023613,             0.91739,             0.33189,             0.14248,             0.81547,             0.57291,                   3
             0.65381,             0.26667,             0.38958,               0.258,             0.18085,           0.0060981,            0.004355,              0.0015,                0.05,               0.937,              0.0005,                   6,                 0.8,                 0.1,               0.125,                 0.5,                   1,                   1,                   1,                 0.3,                   4,                   0,            0.087549,            0.019943,             0.30123,              42.915,              0.2351,             0.43072,              3.5704,          0.00023373,             0.84723,             0.44325,            0.072714,             0.48538,             0.85347,                   3
            0.002381,            0.066667,           0.0019202,          0.00019202,              0.2167,           0.0080078,            0.015097,              0.0015,                0.05,               0.937,              0.0005,                   6,                 0.8,                 0.1,               0.125,                 0.5,                   1,                   1,                   1,                 0.3,                   4,                   0,            0.052456,             0.23829,             0.60662,              6.4198,             0.68742,            0.037874,             0.15986,          0.00084945,             0.68725,             0.19829,             0.55026,             0.22426,             0.48407,                   3
             0.51807,             0.13333,             0.27671,             0.11098,             0.19612,            0.014623,           0.0034667,              0.0015,                0.05,               0.937,              0.0005,                   6,                 0.8,                 0.1,               0.125,                 0.5,                   1,                   1,                   1,                 0.3,                   4,                   0,            0.016118,               0.163,             0.78035,              23.537,             0.72052,            0.078699,              4.9057,          0.00082833,             0.49092,             0.50295,              0.8989,             0.95084,             0.25516,                   3
            0.022727,                 0.2,             0.13244,            0.027993,             0.19451,            0.010801,            0.003812,              0.0015,                0.05,               0.937,              0.0005,                   6,                 0.8,                 0.1,               0.125,                 0.5,                   1,                   1,                   1,                 0.3,                   4,                   0,            0.017404,             0.52985,             0.51043,              13.215,             0.31308,             0.57956,             0.62292,          0.00037077,             0.84923,              0.1718,             0.76158,             0.63358,              0.4111,                   3
                   0,                   0,                   0,                   0,             0.21858,           0.0069793,            0.025273,              0.0015,                0.05,               0.937,              0.0005,                   6,                 0.8,                 0.1,               0.125,                 0.5,                   1,                   1,                   1,                 0.3,                   4,                   0,            0.034927,             0.67156,             0.22931,              13.889,             0.83218,             0.12151,              7.7185,          0.00062179,             0.42565,             0.29967,             0.13438,             0.92997,             0.94064,                   3
              0.4677,              0.1354,             0.14837,            0.065912,             0.18719,           0.0086365,           0.0037359,              0.0015,                0.05,               0.937,              0.0005,                   6,                 0.8,                 0.1,               0.125,                 0.5,                   1,                   1,                   1,                 0.3,                   4,                   0,            0.073419,             0.21293,             0.11441,              10.667,             0.35577,             0.65166,              8.4274,          0.00032916,             0.29679,             0.46554,             0.81259,             0.38186,             0.22504,                   3
              0.4939,            0.066667,             0.54167,             0.38523,             0.17229,            0.011441,           0.0045885,              0.0015,                0.05,               0.937,              0.0005,                   6,                 0.8,                 0.1,               0.125,                 0.5,                   1,                   1,                   1,                 0.3,                   4,                   0,            0.068143,             0.52355,             0.13579,              13.498,             0.36186,             0.57864,              8.3617,          0.00040712,             0.50676,             0.57656,             0.52665,             0.61745,             0.67174,                   3
               0.025,             0.53333,             0.20146,            0.020146,             0.21121,           0.0069074,            0.006498,              0.0015,                0.05,               0.937,              0.0005,                   6,                 0.8,                 0.1,               0.125,                 0.5,                   1,                   1,                   1,                 0.3,                   4,                   0,            0.039816,             0.43534,             0.25718,              5.2107,             0.51318,             0.35185,             0.95451,          0.00047142,             0.48822,             0.59815,             0.64065,            0.048777,             0.71528,                   3
             0.66667,             0.19796,             0.58128,             0.42061,             0.16988,           0.0092303,           0.0061815,              0.0015,                0.05,               0.937,              0.0005,                   6,                 0.8,                 0.1,               0.125,                 0.5,                   1,                   1,                   1,                 0.3,                   4,                   0,            0.013966,             0.75885,             0.12007,              42.121,             0.42351,             0.50186,              1.4236,          0.00090485,             0.30744,             0.54955,             0.38783,             0.88306,             0.18218,                   3
             0.35721,                 0.6,             0.31669,             0.17408,              0.1823,           0.0075775,            0.012782,              0.0015,                0.05,               0.937,              0.0005,                   6,                 0.8,                 0.1,               0.125,                 0.5,                   1,                   1,                   1,                 0.3,                   4,                   0,            0.076281,            0.031048,             0.28215,              25.646,             0.61549,                0.77,              7.5103,          0.00072178,             0.99588,             0.89394,              0.2863,             0.39559,             0.21384,                   3
            0.007874,                 0.2,            0.037562,            0.014567,             0.19707,           0.0091702,            0.012309,              0.0015,                0.05,               0.937,              0.0005,                   6,                 0.8,                 0.1,               0.125,                 0.5,                   1,                   1,                   1,                 0.3,                   4,                   0,            0.096556,            0.062577,              0.4277,              0.5036,             0.66342,             0.38979,              2.6495,          0.00090016,            0.095275,               0.858,             0.96859,            0.056101,             0.13735,                   3
           0.0026455,            0.066667,           0.0029832,          0.00029832,             0.21097,           0.0073615,            0.019077,              0.0015,                0.05,               0.937,              0.0005,                   6,                 0.8,                 0.1,               0.125,                 0.5,                   1,                   1,                   1,                 0.3,                   4,                   0,            0.037963,             0.35207,             0.81626,              36.769,             0.43568,             0.01549,             0.93539,          0.00095667,             0.40098,              0.5445,            0.096877,             0.69734,             0.47053,                   3
            0.021654,                 0.6,            0.090944,            0.045792,             0.17682,            0.014044,           0.0065002,              0.0015,                0.05,               0.937,              0.0005,                   6,                 0.8,                 0.1,               0.125,                 0.5,                   1,                   1,                   1,                 0.3,                   4,                   0,            0.073529,             0.84842,             0.56183,              19.846,            0.060963,             0.65532,              6.2146,          0.00073624,             0.57344,             0.57479,             0.94939,             0.83772,             0.96618,                   3
             0.36777,             0.57251,             0.39352,             0.23856,             0.17074,            0.011365,           0.0080933,              0.0015,                0.05,               0.937,              0.0005,                   6,                 0.8,                 0.1,               0.125,                 0.5,                   1,                   1,                   1,                 0.3,                   4,                   0,            0.033106,            0.023422,             0.60927,              32.943,             0.82044,             0.22056,              8.2932,          0.00093712,             0.41627,             0.62755,             0.57501,           0.0062289,             0.07628,                   3
            0.023572,                 0.6,             0.16576,            0.095174,             0.18165,            0.010932,           0.0028247,              0.0015,                0.05,               0.937,              0.0005,                   6,                 0.8,                 0.1,               0.125,                 0.5,                   1,                   1,                   1,                 0.3,                   4,                   0,           0.0035883,            0.056481,             0.79851,               30.96,           0.0094389,             0.48245,              9.3321,          0.00059651,              0.6226,             0.51142,             0.45854,             0.74055,             0.14721,                   3
           0.0083333,            0.066667,           0.0056964,           0.0011393,             0.21073,           0.0070492,           0.0055183,              0.0015,                0.05,               0.937,              0.0005,                   6,                 0.8,                 0.1,               0.125,                 0.5,                   1,                   1,                   1,                 0.3,                   4,                   0,            0.099679,             0.58502,             0.44446,               37.13,           0.0032054,             0.26252,              1.3635,          2.3509e-05,             0.30127,             0.72617,             0.70356,             0.94424,             0.37042,                   3
             0.12666,             0.16598,             0.27602,              0.1755,             0.17615,           0.0089011,           0.0067795,              0.0015,                0.05,               0.937,              0.0005,                   6,                 0.8,                 0.1,               0.125,                 0.5,                   1,                   1,                   1,                 0.3,                   4,                   0,            0.079892,             0.35161,             0.73997,              20.623,             0.38914,             0.72404,              9.3735,          0.00030575,             0.91965,             0.80722,             0.78007,           0.0098831,             0.83561,                   3
             0.51269,             0.46667,             0.57073,             0.35578,             0.19103,           0.0085171,           0.0078186,              0.0015,                0.05,               0.937,              0.0005,                   6,                 0.8,                 0.1,               0.125,                 0.5,                   1,                   1,                   1,                 0.3,                   4,                   0,           0.0032067,             0.28158,             0.83553,              40.284,             0.87038,             0.59813,              6.0655,          0.00047041,            0.075144,             0.84082,             0.40845,              0.6871,             0.79647,                   3
            0.020808,             0.66667,              0.1685,             0.09101,             0.17995,           0.0084951,            0.004422,              0.0015,                0.05,               0.937,              0.0005,                   6,                 0.8,                 0.1,               0.125,                 0.5,                   1,                   1,                   1,                 0.3,                   4,                   0,            0.073747,             0.23016,              0.1245,              16.496,             0.35748,             0.77452,              6.4872,          0.00044513,             0.90853,             0.46532,            0.096386,             0.35022,             0.78514,                   3
             0.17814,            0.066667,             0.25903,             0.17442,             0.17294,           0.0089305,           0.0039688,              0.0015,                0.05,               0.937,              0.0005,                   6,                 0.8,                 0.1,               0.125,                 0.5,                   1,                   1,                   1,                 0.3,                   4,                   0,           0.0053395,             0.15297,             0.69102,              22.612,             0.18503,             0.85887,              4.7948,          0.00047595,             0.98019,             0.19097,            0.012138,             0.61167,             0.42101,                   3
             0.31375,             0.39852,             0.31458,             0.22273,             0.18199,           0.0079961,           0.0088921,              0.0015,                0.05,               0.937,              0.0005,                   6,                 0.8,                 0.1,               0.125,                 0.5,                   1,                   1,                   1,                 0.3,                   4,                   0,            0.083532,             0.11873,             0.29189,              36.209,             0.56869,             0.40199,              9.6518,          0.00099729,            0.060801,             0.76541,             0.73707,             0.52611,             0.32219,                   3
            0.049074,                 0.6,             0.17751,            0.027205,             0.20972,           0.0077169,           0.0033005,              0.0015,                0.05,               0.937,              0.0005,                   6,                 0.8,                 0.1,               0.125,                 0.5,                   1,                   1,                   1,                 0.3,                   4,                   0,            0.057705,             0.20665,             0.44602,              1.2898,            0.083522,             0.51001,              3.7373,           0.0001036,             0.65856,             0.69739,             0.65923,             0.25654,             0.36189,                   3
            0.012128,                 0.6,            0.064606,            0.022158,             0.17727,            0.012816,           0.0043064,              0.0015,                0.05,               0.937,              0.0005,                   6,                 0.8,                 0.1,               0.125,                 0.5,                   1,                   1,                   1,                 0.3,                   4,                   0,            0.024161,             0.42106,             0.53784,               42.55,             0.17177,             0.81979,              5.1124,          0.00023307,             0.60542,             0.67194,             0.15233,             0.43561,             0.40985,                   3
             0.42331,                 0.6,              0.5706,             0.29828,             0.18405,           0.0078776,           0.0080235,              0.0015,                0.05,               0.937,              0.0005,                   6,                 0.8,                 0.1,               0.125,                 0.5,                   1,                   1,                   1,                 0.3,                   4,                   0,            0.039297,             0.89542,             0.78279,              42.918,             0.62386,              0.5206,              6.3554,          0.00023993,             0.13675,             0.93953,             0.14363,             0.23004,             0.17457,                   3
             0.07881,             0.42946,             0.15716,             0.01688,              0.1972,            0.010238,           0.0079628,              0.0015,                0.05,               0.937,              0.0005,                   6,                 0.8,                 0.1,               0.125,                 0.5,                   1,                   1,                   1,                 0.3,                   4,                   0,            0.091342,            0.062707,             0.16882,              12.832,             0.79005,             0.27837,              8.8052,          0.00096125,            0.097481,             0.72538,            0.069548,             0.68137,             0.24851,                   3
            0.016461,             0.26667,            0.031631,           0.0072501,              0.1925,            0.011226,            0.011982,              0.0015,                0.05,               0.937,              0.0005,                   6,                 0.8,                 0.1,               0.125,                 0.5,                   1,                   1,                   1,                 0.3,                   4,                   0,            0.023036,              0.2927,             0.83801,              12.102,             0.41608,             0.58252,             0.13519,          0.00060487,             0.72328,             0.87583,             0.44635,             0.60425,             0.35667,                   3
                   0,                   0,                   0,                   0,             0.20487,            0.011701,            0.012476,              0.0015,                0.05,               0.937,              0.0005,                   6,                 0.8,                 0.1,               0.125,                 0.5,                   1,                   1,                   1,                 0.3,                   4,                   0,           0.0011115,             0.81656,             0.63074,              12.898,             0.80485,             0.34809,             0.56244,          0.00055016,             0.45199,             0.75092,             0.46339,             0.36286,             0.65181,                   3
            0.023125,             0.66667,            0.063706,            0.012626,             0.19814,            0.012039,            0.021826,              0.0015,                0.05,               0.937,              0.0005,                   6,                 0.8,                 0.1,               0.125,                 0.5,                   1,                   1,                   1,                 0.3,                   4,                   0,            0.034493,             0.83101,             0.11777,              3.8223,             0.76641,             0.58478,             0.33415,          0.00012954,             0.39562,             0.32938,              0.5581,             0.63374,             0.45955,                   3
             0.58064,             0.66667,             0.66333,             0.50453,             0.16987,           0.0082036,          0.00089321,              0.0015,                0.05,               0.937,              0.0005,                   6,                 0.8,                 0.1,               0.125,                 0.5,                   1,                   1,                   1,                 0.3,                   4,                   0,            0.088632,            0.021963,             0.12507,              31.967,             0.75611,             0.10129,              9.9355,          0.00098745,             0.78947,             0.23563,             0.88947,             0.76171,             0.37379,                   3
            0.035157,             0.53333,               0.142,            0.046437,             0.18812,            0.010736,            0.011744,              0.0015,                0.05,               0.937,              0.0005,                   6,                 0.8,                 0.1,               0.125,                 0.5,                   1,                   1,                   1,                 0.3,                   4,                   0,            0.054471,             0.22343,             0.75396,              41.333,             0.20989,             0.40247,              1.7817,          0.00078652,             0.53458,             0.70932,             0.80705,             0.99341,             0.49406,                   3
             0.02384,             0.53333,             0.10451,            0.055055,             0.17725,            0.012098,           0.0050617,              0.0015,                0.05,               0.937,              0.0005,                   6,                 0.8,                 0.1,               0.125,                 0.5,                   1,                   1,                   1,                 0.3,                   4,                   0,            0.019026,              0.8336,             0.37003,              5.0102,             0.45777,              0.5404,              9.1155,          0.00091954,              0.3699,             0.95494,             0.54081,             0.95315,             0.56111,                   3
             0.42247,             0.33333,             0.26049,            0.035205,             0.18659,            0.010102,            0.014186,              0.0015,                0.05,               0.937,              0.0005,                   6,                 0.8,                 0.1,               0.125,                 0.5,                   1,                   1,                   1,                 0.3,                   4,                   0,            0.086393,             0.10951,             0.82245,             0.39067,             0.62133,             0.53652,              7.5794,          0.00059305,             0.96691,             0.63419,            0.054848,             0.77502,             0.40639,                   3
             0.02817,             0.66667,             0.21205,             0.11919,             0.18643,           0.0090058,           0.0041702,              0.0015,                0.05,               0.937,              0.0005,                   6,                 0.8,                 0.1,               0.125,                 0.5,                   1,                   1,                   1,                 0.3,                   4,                   0,            0.073168,             0.17124,             0.27591,              32.667,             0.70314,             0.45229,              1.2152,          0.00036117,              0.9327,             0.69082,             0.53261,             0.98632,              0.5797,                   3
           0.0072837,                 0.4,            0.016875,           0.0016875,              0.2135,           0.0093987,           0.0031171,              0.0015,                0.05,               0.937,              0.0005,                   6,                 0.8,                 0.1,               0.125,                 0.5,                   1,                   1,                   1,                 0.3,                   4,                   0,            0.077443,             0.38465,             0.25764,              36.802,             0.79766,             0.13048,              2.8583,          0.00027588,             0.71041,             0.62051,              0.5818,              0.6284,             0.59842,                   3
            0.027836,                 0.6,            0.080332,            0.054352,             0.18505,            0.010118,            0.019075,              0.0015,                0.05,               0.937,              0.0005,                   6,                 0.8,                 0.1,               0.125,                 0.5,                   1,                   1,                   1,                 0.3,                   4,                   0,            0.036065,             0.79888,               0.376,              3.6505,               0.825,              0.8085,              2.9393,          0.00022952,              0.2909,             0.64073,             0.99485,             0.54939,             0.77317,                   3
             0.55065,             0.12744,             0.50735,             0.28741,             0.18547,           0.0082316,           0.0037728,              0.0015,                0.05,               0.937,              0.0005,                   6,                 0.8,                 0.1,               0.125,                 0.5,                   1,                   1,                   1,                 0.3,                   4,                   0,            0.025902,             0.76169,              0.5421,              40.461,             0.15996,             0.62649,              4.1526,          0.00030057,             0.88877,             0.41142,             0.88469,            0.015753,             0.70286,                   3
            0.058458,             0.26667,             0.25207,             0.13445,             0.16943,           0.0099569,           0.0088749,              0.0015,                0.05,               0.937,              0.0005,                   6,                 0.8,                 0.1,               0.125,                 0.5,                   1,                   1,                   1,                 0.3,                   4,                   0,            0.091804,             0.78795,             0.61013,              39.253,           0.0088547,              0.8825,               8.379,          0.00084177,              0.6162,             0.86035,             0.64334,             0.16272,             0.13716,                   3
            0.011905,                 0.2,            0.020985,           0.0023796,             0.21648,           0.0058223,           0.0082386,              0.0015,                0.05,               0.937,              0.0005,                   6,                 0.8,                 0.1,               0.125,                 0.5,                   1,                   1,                   1,                 0.3,                   4,                   0,            0.095133,            0.043974,             0.33155,              16.194,            0.053086,             0.24259,             0.86873,          0.00030211,             0.80421,             0.31533,             0.35423,             0.32345,             0.58199,                   3
             0.45673,            0.066667,             0.15977,            0.038233,             0.20502,           0.0076478,            0.004038,              0.0015,                0.05,               0.937,              0.0005,                   6,                 0.8,                 0.1,               0.125,                 0.5,                   1,                   1,                   1,                 0.3,                   4,                   0,            0.055481,             0.66246,             0.44238,              36.693,             0.75013,            0.084202,              2.7444,          0.00051884,            0.099031,             0.35953,             0.75837,             0.31894,              0.2438,                   3
            0.014394,             0.53333,             0.15947,            0.091259,             0.18057,             0.01034,           0.0068459,              0.0015,                0.05,               0.937,              0.0005,                   6,                 0.8,                 0.1,               0.125,                 0.5,                   1,                   1,                   1,                 0.3,                   4,                   0,           0.0093959,             0.57951,             0.82972,              19.083,             0.64443,             0.75883,              4.0133,          0.00055107,             0.32528,              0.3428,             0.56677,             0.10663,             0.48323,                   3
            0.022727,             0.66667,             0.32577,            0.048171,             0.19902,            0.011162,           0.0051052,              0.0015,                0.05,               0.937,              0.0005,                   6,                 0.8,                 0.1,               0.125,                 0.5,                   1,                   1,                   1,                 0.3,                   4,                   0,            0.029884,             0.22632,             0.32669,              5.7523,              0.7585,             0.13727,             0.91939,          0.00062253,             0.66114,             0.98508,             0.87995,             0.69696,             0.89793,                   3
             0.28733,             0.26667,             0.32349,             0.21673,             0.17121,             0.01053,           0.0064144,              0.0015,                0.05,               0.937,              0.0005,                   6,                 0.8,                 0.1,               0.125,                 0.5,                   1,                   1,                   1,                 0.3,                   4,                   0,            0.025902,             0.76169,              0.5421,              40.461,             0.15996,             0.62649,              4.1815,          0.00030057,             0.92647,             0.41142,                   1,            0.078482,                   0,                   3
             0.59978,             0.64694,             0.66333,             0.45027,             0.18733,            0.005804,           0.0035568,              0.0015,                0.05,               0.937,              0.0005,                   6,                 0.8,                 0.1,               0.125,                 0.5,                   1,                   1,                   1,                 0.3,                   4,                   0,                 0.1,            0.021963,             0.12507,              31.898,             0.75611,             0.10129,              9.9355,          0.00098745,            0.075144,             0.86946,              0.5072,             0.71923,              0.8332,                   3
             0.16293,                 0.4,              0.2383,             0.22675,             0.16665,            0.010631,           0.0077385,              0.0015,                0.05,               0.937,              0.0005,                   6,                 0.8,                 0.1,               0.125,                 0.5,                   1,                   1,                   1,                 0.3,                   4,                   0,            0.079996,             0.76295,             0.61013,              39.253,                   0,              0.8825,               8.403,               0.001,            0.075144,             0.79388,             0.38132,             0.70888,             0.79647,                   3
             0.57291,             0.55816,             0.64429,              0.5576,             0.16455,            0.009165,           0.0059795,              0.0015,                0.05,               0.937,              0.0005,                   6,                 0.8,                 0.1,               0.125,                 0.5,                   1,                   1,                   1,                 0.3,                   4,                   0,            0.093815,             0.28158,             0.78146,              40.212,             0.87038,             0.67095,              6.0655,               0.001,             0.37984,             0.54955,             0.38783,             0.92114,             0.18218,                   3
            0.014652,             0.26667,            0.047604,            0.010658,             0.20253,           0.0069207,           0.0028742,              0.0015,                0.05,               0.937,              0.0005,                   6,                 0.8,                 0.1,               0.125,                 0.5,                   1,                   1,                   1,                 0.3,                   4,                   0,            0.088632,            0.021963,             0.12462,              31.967,              0.6579,             0.19227,                   0,                   0,            0.047793,                 0.5,                   1,                   0,            0.055249,                   3
             0.01516,             0.66667,             0.49365,             0.25662,             0.17897,            0.007902,           0.0050159,              0.0015,                0.05,               0.937,              0.0005,                   6,                 0.8,                 0.1,               0.125,                 0.5,                   1,                   1,                   1,                 0.3,                   4,                   0,            0.088818,            0.023473,              0.6405,              33.026,             0.79228,             0.27382,              8.2932,          0.00093712,             0.37454,             0.59635,             0.93739,                   0,                   0,                   3
